address,name,social,index,initial_balance_usd,total_usd_sold
0xcb4032379caf07bc41c7cf2a10763f99a170c2ed,Brainiac9000,https://x.com/___Brainiac,0,875.0,1571.88
0xac2416cdf49e8f5a4f49841b34bbe2d8f49530de,Ice,https://x.com/_0xIce,1,875.0,156524.17
0x7291db3be347d74d18b76d1e3d158d8a3115acec,MorphğŸ”ºâš”ï¸,https://x.com/_7_principles,2,249.99982970502867,20175.3
MASKED,MASKED,MASKED,3,249.99982970502867,59646.66
MASKED,MASKED,MASKED,4,249.99982970502867,0.0
0x5e0ea0e4a570572df9166401dc748bceae5ac391,CryptoJay 2.0,https://x.com/_cryptojay_,5,249.99982970502867,585.14
0xd69943196c01425866804f30cd6d8b966ae64679,g-van â¨€,https://x.com/_gvan,6,249.99982970502867,29906.8
0x69155e7ca2e688ccdc247f6c4ddf374b3ae77bd6,Mr.Bang ê§IPê§‚,https://x.com/_MrBang_,7,249.99982970502867,27546.11
0xa96b4fb5ce76a841ce1c45fa79fee209eb63ab0b,ã‚ªãƒŠã‚µã‚¤,https://x.com/002poyopoyo,8,249.99982970502867,8510.94
0xd8936e602e38dfee5d6466865068b94b1943debf,Forexus,https://x.com/0x_forexus,9,249.99982970502867,43318.37
0xd05b8eb099f0c3f3126bbc3c7c6bd46bb236f3ec,modulor ğŸ”º,https://x.com/0x_modulor,10,249.99982970502867,21852.56
0x76fec08cf59488f8ec217ca97c30b9143ed09a1d,Abhi,https://x.com/0xAbhiP,11,875.0,146111.89
0x1413f14ef189685811abac45114aa81f7fc9b160,Access,https://x.com/0xaccess,12,875.0,2596.42
0x80fe973a14d4ab40f6962600592c50c8e74bb4d7,0xAlej0lR420,https://x.com/0xAlej0lR420,13,249.99982970502867,0.0
0x6af0b3433e185614f2ee8a6cdb789fe1de4ccd05,0xAntho âœï¸,https://x.com/0xAntho94,14,249.99982970502867,15778.11
0xc0c799c949ad065df04628f036f371f12c6fdf5e,Belac,https://x.com/0xBelac,15,875.0,35997.58
0xee14618d37410dbcba1ea5f999b76420c51d5194,BlueDiggerğŸ”º,https://x.com/0xBlueDigger,16,249.99982970502867,0.0
0x71430390f994c88c4f57041f369f0bcb68495ca9,BoyÃ© ğŸ’œğŸ§¸â›“ï¸,https://x.com/0xboyee,17,249.99982970502867,14890.33
0x5aec2a6a38c862fefea5ad15646aba4b0b28e999,Canondor,https://x.com/0xCanondor,18,249.99982970502867,8123.59
MASKED,MASKED,MASKED,19,875.0,0.0
0xcdef2a2e16027f7fd6b3cf1f5b8ea66b0a5762ab,MEGA DENJI,https://x.com/0xdenji7,20,249.99982970502867,20649.16
0x3933146dceec0bb60161d41062bca6aff3a46524,0xDilbazğŸ”º9000,https://x.com/0xdilbaz,21,249.99982970502867,9263.78
0x340965a626140063500cad9369d1a6f55f93224a,DREF,https://x.com/0xDref,22,249.99982970502867,40813.55
0x81ea32e6adb875bf376e9d758c410e15b1225f50,Entheox ğŸ”ºï¸ğŸ’ ğŸ§  ğŸ” Ã˜,https://x.com/0xEntheox,23,875.0,64364.84
0xc825a25505703698509ab5ad4de3c53953dfbc48,Espi9000 ğŸ”º,https://x.com/0xespi,24,249.99982970502867,661.61
0xd37973f35ba67b40e1153740bd90a0be96e2201e,FrenchyL1ğŸ”º,https://x.com/0xfrenchy,25,875.0,0.0
0xf429a40acd7b67fa669cf711b4ec2884f3181dd9,frisk,https://x.com/0xfrisk,26,249.99982970502867,25768.55
0xf5b1b41879fa4a5c26c5c51938ae382049381599,Goodzila,https://x.com/0xgoodzila,27,249.99982970502867,15695.1
0xefbfe472a43315a8898c5d510291a4baaaf81fa8,gun ğŸ¦›ğŸ”ºğŸ±,https://x.com/0xgunm,28,249.99982970502867,6331.63
0x53cbaf1411d3118a3a5580117af23b0a9812cc02,elonağŸ’‹,https://x.com/0xhellona,29,249.99982970502867,0.0
0x2c812daf5b0297b935a287ad27340f2b37939f2c,id:10,https://x.com/0xid10,30,875.0,132226.71
0xfad058db047905e7f4827b346b9777d9e0001087,Ishan,https://x.com/0xishans,31,875.0,43902.35
0x807b755d5374769dd5282a05ebaca84ca70af607,jarry9000ğŸ”º,https://x.com/0xJarry,32,875.0,2833.61
0xedc67d3d1734f59155687f414f9870ca8492b9ae,Jerem 9000 ğŸ”º,https://x.com/0xJerem,33,249.99982970502867,6756.33
0x0d56eb924c31a42219c3ca915d019ad8174e1441,Kov,https://x.com/0xkovv,34,249.99982970502867,26397.83
0x64d65e1c4f2e70dc1114f14c6505678c048da7ec,0xLaplaceğŸ”º,https://x.com/0xlaplaced,35,249.99982970502867,23475.44
0x0e0883ddcc5f4427ef990cd9ccc54538cdf5db0b,Levi ğŸ–‹ï¸,https://x.com/0xLevi_,36,875.0,43052.36
0x2095ad553c40b04c25e0a301cc03b79814cc2254,0xlords,https://x.com/0xlords_,37,875.0,2473.15
0xf1376072ae0e2e114ce40a3b43609a46ea99d348,LorenzoğŸ”º,https://x.com/0xlore,38,249.99982970502867,3.4
0x2f2327a8fdc282c494dac779ce65544fda532e46,Megamus ğŸ§©,https://x.com/0xMegamus,39,249.99982970502867,8938.04
0x8b0b99e2e891bc9a3fc296c95e4e930642863a08,0xMemeDegen,https://x.com/0xMemeDegen,40,875.0,3694.08
0x32a3078872efe331f70d28dc0db3fa50cf32866c,moon9000 ğŸ”º,https://x.com/0xmoonbags,41,249.99982970502867,24787.33
0xdea21c47ab160250638b9e3bfa9b240e549e5b3a,Mystic ğŸ”ºğŸ¥¥,https://x.com/0xmysticbeast,42,875.0,0.0
0x3ecb35b0012b71f04dfa994d6dea750a17cff0b3,nacci,https://x.com/0xnacci,43,875.0,65953.92
0x7b65e9a5c8f5b788d487a227039c8dc51bff6e33,Nasta,https://x.com/0xnasta,44,875.0,42457.27
0xa6f2e0d7bb5bcccaf1fac95eb2dba504edc72017,Neothon ğŸ‰ğŸ”º,https://x.com/0xneothon,45,875.0,2453.79
MASKED,MASKED,MASKED,46,249.99982970502867,6646.99
0xf25f313802d8a6f36a6e40d76264572951ee8127,0xPubSub,https://x.com/0xPubSub,47,249.99982970502867,59146.27
0xe8cc3edca3803b5f836247089887d6eb1c816194,LANK ||ğŸ‘ï¸||ğŸŒ,https://x.com/0xquix,48,249.99982970502867,45727.27
0x3b312a1496322f0c3633241d85a59ae0889b8150,Tenma Nozomi ğŸ»,https://x.com/0xRyUnknown,49,249.99982970502867,16054.91
0xf27f70baba694309b7e2fecb1d72803b086c0086,Sarnavo9000 (L1/acc),https://x.com/0xSarnavo,50,249.99982970502867,27836.57
MASKED,MASKED,MASKED,51,249.99982970502867,0.0
0x5717ed666eaff5f1a552a41b428a54dc521b2c34,ScottyB,https://x.com/0xscottyB,52,875.0,11914.69
MASKED,MASKED,MASKED,53,875.0,0.0
0xdeb80308be8f24d363596b2f97297224df982a34,0xSumeo.eth ğŸ”º,https://x.com/0xSumeo,54,249.99982970502867,19537.79
MASKED,MASKED,MASKED,55,249.99982970502867,5236.84
MASKED,MASKED,MASKED,56,875.0,66564.77
0x44096f12dca2bbb783c86f84af4e9ee4b80f8b87,0xWichita,https://x.com/0xwichita,57,249.99982970502867,95536.11
0x895b575fa2905e23c3c08d5352c7619672bb1cec,Wyatt_Earp,https://x.com/0xWyatt_Earp,58,875.0,3653.99
0x3f3bacbc1960104c26207e13b57fd68f8ccdc945,Zenitsu,https://x.com/0xzenitsu,59,249.99982970502867,9871.42
0xca42b8be98c7f00e923106ed53482e3a54bc3b9e,Whomp,https://x.com/1Whomp,60,875.0,128689.21
0x5ee833a2467ac83b2fbd2142d6d190632425d641,GucciFather ğŸ”º,https://x.com/2thxbdzbgy,61,249.99982970502867,15951.97
0xa9471d88cfd866c20668a975f61a16a6d454238f,Hugow ğŸ”º,https://x.com/7Hugow,62,249.99982970502867,29436.12
MASKED,MASKED,MASKED,63,249.99982970502867,16373.88
0xab0ed82707c337a4123c7917d6e5a8a1edad1550,a_skin2,https://x.com/a_skin2,64,875.0,0.0
0x7920158fbe9e622ca027c00d26097776ab394a7b,beginning_depth (Ben Garfield)ğŸ”º,https://x.com/accabremos,65,249.99982970502867,0.0
MASKED,MASKED,MASKED,66,875.0,11914.69
MASKED,MASKED,MASKED,67,249.99982970502867,9952.91
0x48494b48955941d3442f438bf9182b293fadf1b0,woomkela9000,https://x.com/akelamate,68,249.99982970502867,535.7
MASKED,MASKED,MASKED,69,249.99982970502867,11147.7
0xe927a155e4b433067c963ac4889eb7c976ee6b3d,Hadi âš”ï¸ğŸ‘¾ğŸ”º,https://x.com/akor3de,70,249.99982970502867,8522.23
0x032012f4f82eb84fe0ef817c21f7b7128690a35e,alan.j,https://x.com/alanj___,71,875.0,0.0
0x6e7f02f0030f7d2bfe96b04280921eb4eda2e9db,Alberto Vasquez,https://x.com/AlbertoVasquez,72,249.99982970502867,61458.39
0x6243a82915fcb2f94dfa8a1ca0cf40b6735f0ba9,Alden ğŸ”º$MGTğŸŒ•,https://x.com/Alden120896,73,249.99982970502867,0.0
0x0f4a26c95bf453fd2130eb566bc1349c5d81e46c,Alejandro9000 ğŸ”ºğŸ‡¨ğŸ‡´,https://x.com/alejandro99so,74,875.0,1764.84
0x6d021cab25e2d3eaae0603fcb4b8ec2c3aec2154,AlexPancake9000ğŸ¥ğŸ”º,https://x.com/AlexPancakesNFT,75,249.99982970502867,17717.83
MASKED,MASKED,MASKED,76,875.0,11839.51
MASKED,MASKED,MASKED,77,249.99982970502867,14986.51
MASKED,MASKED,MASKED,78,249.99982970502867,0.0
0x53303729a8201042d59f79b523749c24f460ed29,ar,https://x.com/alirehansays,79,249.99982970502867,723.65
0xe3a55235044f9dbb5ccb4f91c19b9b23e3e25294,BigblockenergyğŸ”º,https://x.com/AllBull_NoShit,80,249.99982970502867,7074.02
0x09db8fc031836d93a9b6147c14f45d04917f511a,â‚¿off,https://x.com/allknightlongx,81,875.0,1633.32
MASKED,MASKED,MASKED,82,249.99982970502867,11834.83
MASKED,MASKED,MASKED,83,875.0,23026.62
MASKED,MASKED,MASKED,84,875.0,0.0
0x4f0561ef71104275ba0e98ea6a5a05a39c36885c,looter ( e/è³¢è€…ã‚¿ã‚¤ãƒ  ),https://x.com/AltLoot,85,249.99982970502867,19319.43
0x3c5a595d610ba3b23d3a55ee13d786df0294f810,Ava9000ğŸ”º ğŸ”¥ ğŸªµâš¡ï¸,https://x.com/Alvin0483021,86,249.99982970502867,4310.27
MASKED,MASKED,MASKED,87,249.99982970502867,559.21
0xa5be4fa894711f59fffc55862b30c031042cf8b9,Anthony,https://x.com/anthonypellen_,88,249.99982970502867,24891.71
0x53632c114055b52d40504ac023f3a54b3aea5a8f,Arcanic,https://x.com/arcanic,89,875.0,102708.54
0x5d4bbbb1bc2464b3b2dc42ac105a0e7c45b3a531,.mushroom,https://x.com/ArielBugay,90,875.0,91930.75
MASKED,MASKED,MASKED,91,249.99982970502867,0.0
0x6876629a9d0134e0a62eabbcc0c145f3931f4564,Arpentor9000 ğŸ”º,https://x.com/arpent0r,92,249.99982970502867,31380.87
0x5b5f0288d482f5f22fa1d3bb061e5e7497952efa,Ash (L1/acc),https://x.com/ashngmi,93,875.0,6800.78
0x2375be76e23c915173495f82b3521002f3130e84,ata,https://x.com/ata_int,94,249.99982970502867,0.0
0xcad6d062ecabe827f87ee6184d22d74486785742,AVAX_Chad_9000ğŸ”º,https://x.com/AVAX_CHAD_9000,95,875.0,17701.77
MASKED,MASKED,MASKED,96,875.0,0.0
MASKED,MASKED,MASKED,97,249.99982970502867,0.0
MASKED,MASKED,MASKED,98,875.0,0.0
MASKED,MASKED,MASKED,99,875.0,1467.78
0x96811371d9d34c20798712388eb63cc36525afc9,Avaxin ğŸ”º,https://x.com/AvaxinSkywalker,100,249.99982970502867,4014.86
0x0f55d1daa335384668b37fcde3f3ced930f91c66,AvaxJ,https://x.com/avaxjesus,101,249.99982970502867,49337.25
0x1c817375d6e4bf2422f314bc708c88ebd8d1a5df,AVAX Sloth,https://x.com/AvaxSloth,102,248.00014100423627,5520.44
0x4ac1a493aa044c74a99d73ce61869814018c62c0,Andy,https://x.com/AverageAndy___,103,875.0,191146.73
0x99e4b3a0217f7e45815cc7726caeec63689a016f,Avery Bigweapon âš”ï¸,https://x.com/AveryBigWeapon,104,249.99982970502867,9125.61
0x591d5f746ff701fd63c5553d30821738c8ebc530,aviss99,https://x.com/aviss99121782,105,249.99982970502867,364160.98
0x1288bd6fb416d77e93eb5787c276d74526ca6043,AWM11 9000 ğŸ”º,https://x.com/awm11_9000,106,875.0,4286.19
0x735d43db98eec2f9dd06cdd5046db59dcdff0ee0,BJğŸ”º,https://x.com/azzabazazz,107,875.0,2332.82
0x48850f239f16c22d9eb0c302431b144db0ba8c28,b4ochan (city/acc),https://x.com/b4ochan,108,249.99982970502867,6374.94
0x65299ec7aed10d1a47862e44da4c85116c2c0bcb,Bagen Blagen ğŸ§©,https://x.com/BagenBlagen,109,249.99982970502867,18435.85
0xc4bfda35a5057b6979cc787425fc05b108ecd370,0xbayo9000ğŸ”ºâš”,https://x.com/Bayo0x,110,875.0,5204.83
0x4c48b6d6a5d9aab0cf8cfc21a0a4f3dec663e9cf,Bear9000,https://x.com/bear_avax,111,249.99982970502867,61631.8
MASKED,MASKED,MASKED,112,875.0,0.0
0x0d9a77b423646af46e69ecde8e545b1a15cb3ee5,JaxTheDog ğŸ§©,https://x.com/BennyWright9,113,249.99982970502867,19757.62
0xe429918a517b4a109aa8992cc2121e4b6560c1f4,B.A.S.H ğŸ¦›ğŸ”ºâš”ï¸ğŸ¥¥,https://x.com/Bente_pro,114,249.99982970502867,5535.48
MASKED,MASKED,MASKED,115,249.99982970502867,0.0
MASKED,MASKED,MASKED,116,875.0,0.0
0x18db8c00cc4cdd9a3c20671cfc34d33bff468653,BigTexLaw,https://x.com/BigDingus_72,117,875.0,57773.78
MASKED,MASKED,MASKED,118,875.0,0.0
MASKED,MASKED,MASKED,119,249.99982970502867,4676.88
0xa2425918f30af40db42b7ed6197be7f7be43895f,Blue ğŸˆâ€â¬›,https://x.com/blueclarityone,120,875.0,6264.64
0x12942981af3c5e5e6003a46607b4560e6589146e,Ser BoksalotğŸ”ğŸ—ğŸ”ºï¸,https://x.com/Boksalot,121,875.0,37477.12
MASKED,MASKED,MASKED,122,249.99982970502867,9923.62
MASKED,MASKED,MASKED,123,875.0,0.0
0x61f98e7e7a6953d6a4c9841101097f76bb451031,BoredJosei ğŸ’,https://x.com/BoredJosei,124,199.99986376402293,13584.1
0xb07c24112adceb9c09f57125f9bf2b0da14725e6,Dan,https://x.com/born2hodl,125,875.0,0.0
MASKED,MASKED,MASKED,126,249.99982970502867,15261.15
0xc4270adbc6d6e8a52b5fb8dad0cd196bd7b2bbd6,broke.avax,https://x.com/boughtstocks,127,249.99982970502867,76519.71
0x622b36e8d8abd7aa1968dbf32f17e53ebedd3fae,facil 9000ğŸ”º,https://x.com/bowtiedpartyan1,128,249.99982970502867,19413.04
0x73da1af06106a7f3ac717ef0fd637177175d98b7,â‚¿ğŸ§â€â™‚ï¸,https://x.com/br4ted,129,875.0,43177.86
0x311aa4fbc92e0f712c006ab20111c5f77ddb8c79,â‚¿ROWN ğŸ§©,https://x.com/Browncappp,130,249.99982970502867,94558.72
MASKED,MASKED,MASKED,131,875.0,0.0
0xfe30fad35017ea8a724a1803f1a2a2e8941efe96,kablolu kulaklÄ±k ğŸ”º,https://x.com/bubenimikinci,132,249.99982970502867,30828.7
MASKED,MASKED,MASKED,133,875.0,50969.08
0x49e496821ce65152a545b363f01d42df56b31a47,fawksğŸ”º9000,https://x.com/bun_tzu,134,875.0,5475.22
MASKED,MASKED,MASKED,135,249.99982970502867,17975.43
MASKED,MASKED,MASKED,136,249.99982970502867,26230.09
0x62c7fff230fdd9be3f2360aecfbe53ea26745802,Zianna,https://x.com/byzianna_,137,249.99982970502867,21183.11
0xddffe03665d437d2a247c7eae9e55fbd53b0bfd6,Cactusoda9000 ğŸ”ºğŸ˜¼âš”ï¸,https://x.com/cactusoda_,138,875.0,156936.95
0xa1eb063e50bd82f3b511bac3084abd67cf79afd4,Caesar,https://x.com/CaesarJulius0,139,875.0,3364.05
0x7d8637c09a6fcc401be2d1390560a257f5d7279a,Caesar,https://x.com/CaesarReverse,140,249.99982970502867,18442.45
0xe4b0593b30e48870786f42f4782ca5247e02887f,Nick Plott,https://x.com/CallMeTasteless,141,875.0,199564.31
0xee331552f05fc9aae1ede555c3e146013e8383e9,ğ•®ğ–†ğ–’ğ–ğ–‘ğ–”,https://x.com/camilom4ke,142,875.0,70015.02
MASKED,MASKED,MASKED,143,875.0,0.0
MASKED,MASKED,MASKED,144,875.0,2141.35
0xb3d00071acae3b256d415deb44976f244488e931,candycarpet ğŸ”­,https://x.com/candycarpet,145,875.0,39055.19
0xa1913577214cbd2d7841bbb260540914512043fb,CapğŸ”º9K,https://x.com/CapricornCrypto,146,249.99982970502867,596.0
MASKED,MASKED,MASKED,147,249.99982970502867,12467.66
0x0ea6c9c2be2a6d538cc9c970cd6449bcc2461cab,Carry,https://x.com/CarryVannm,148,249.99982970502867,20380.56
MASKED,MASKED,MASKED,149,875.0,0.0
0xfdd9c005b283d00fc206761d4ed77bce7225ea33,Catyi,https://x.com/catyi123,150,249.99982970502867,2796.5
0x2115f8ebc87ed944b6b3737034dee4c6d652b118,Cayden | Christie's | DRiP ğŸ’§ğŸŒˆ,https://x.com/Cayden_and_Nico,151,249.99982970502867,37609.31
MASKED,MASKED,MASKED,152,249.99982970502867,81.4
MASKED,MASKED,MASKED,153,249.99982970502867,6536.98
0x6b552c0d0d96c18751ddfcbd5110c852480cac9e,cdawg ğŸ”º,https://x.com/cdawg06701381,154,875.0,32.81
0xd09e5ddd13b114c5732a50ca5aed6e339817bc53,Chad McAnon ğŸ”º,https://x.com/chadmcanon,155,249.99982970502867,53182.58
0x0bdb121cd6d60105cc6c38a7781456780161bddf,elba ğŸ”º,https://x.com/chelsea_boy101,156,249.99982970502867,1529.94
0x84d504adc11880f859d81ccb2ee614eeae2c303e,chifuu ğŸ”º,https://x.com/chifuu20,157,249.99982970502867,15980.77
0x57897b44a9e41349072f8639a3996c3dbbef5c41,Clemente,https://x.com/Chilearmy123,158,249.99982970502867,39662.79
0x9bc27a47b4413c51f884ae4e4b9170f3a0d7f742,Nick Oâ€™Neill,https://x.com/chooserich,159,875.0,142112.64
MASKED,MASKED,MASKED,160,875.0,0.0
0xfbdbd5ee15f3773df69f536dff64f009132abca0,Cisco ğŸ”º,https://x.com/Cisco_vee,161,249.99982970502867,19599.06
0xcd715d5f8a35b6cbdaff0d93bc42ff3f53fd1306,ClassiK ğŸ”º,https://x.com/ClassiKNFT,162,249.99982970502867,1616.53
MASKED,MASKED,MASKED,163,875.0,0.0
0xc27ca88147ca52d9d856d55fd35b9c4040a07a47,NÃ˜T SÃ˜ CÅUÎÅÎSS ğŸ”º,https://x.com/clueless_xn,164,249.99982970502867,10743.59
0x2f397d70a61f52e895c2bce2b5f905598e5ee0e9,Colega ğŸ”ºğŸ‡¨ğŸ‡´,https://x.com/Coleguin_,165,249.99982970502867,2334.0
0x88365805c24211f4f58c56e404d7e4a10faa030c,COLONY ğŸ”º,https://x.com/Colonylab,166,875.0,0.0
MASKED,MASKED,MASKED,167,249.99982970502867,1722.97
MASKED,MASKED,MASKED,168,249.99982970502867,16588.78
0x29a9e58c8309dd6020d171cbecd0e409db43f5e8,counter.fire ğŸ”ºâœï¸,https://x.com/crypheadquarter,169,249.99982970502867,24595.87
0x1889fdc2ef1e9e26efc3ea43ade8feba1ee2be9e,SafZ,https://x.com/CrypSaf,170,875.0,52816.6
0x288dfd598dc3e93fb93e02f5d5fd180d17c4a9f9,"Crypto Tim0x (ğŸ¥š,ğŸ”)ğŸ”º9000",https://x.com/Crypt0tim0x,171,249.99982970502867,0.0
MASKED,MASKED,MASKED,172,875.0,76315.4
MASKED,MASKED,MASKED,173,875.0,0.0
0x7684f4c666be0825ecd64eed0d596e157b2127a5,Glenn,https://x.com/crypto_glennl,174,249.99982970502867,75666.92
0xd3fc763b1b16ab91ce587ab32680020884da179e,Hero ğŸ¥·ğŸ”º,https://x.com/Crypto_hero10,175,249.99982970502867,21245.4
0x51082a888586d8f6d480fec7db7ddf73ebdf8b17,C.Money : 9000ğŸ”ºï¸,https://x.com/crypto_papii,176,249.99982970502867,273.55
MASKED,MASKED,MASKED,177,875.0,7962.58
0xed52c0906faab283445b2c551fa8784685ca6769,BIG Johnson McCoq,https://x.com/Cryptoape16,178,249.99982970502867,14105.76
0xd9f8b987558a3c6a18c1f01397b042b76996e52e,"Cam9000 (ğŸ”ºï¸,ğŸƒ)",https://x.com/CryptoCam22,179,249.99982970502867,0.0
MASKED,MASKED,MASKED,180,875.0,1808.69
0xd795aa318fa0192610da6309fb5b66d25824b162,fish ğŸŸ,https://x.com/cryptofishx,181,875.0,0.0
0x990625d00189e5781efa3e56e1404d2e95c3d3cb,Theonlygoblin9000ğŸ”ºï¸,https://x.com/cryptogoblin87,182,249.99982970502867,30792.32
0x2d41973c8278d6cf1ae88df78758335156ba71bf,Gorilla,https://x.com/CryptoGorillaYT,183,875.0,124519.6
0x0264c4cabecafa630bf082155bd394eb6a48e7b8,CG777,https://x.com/CryptoGuy_777,184,249.99982970502867,7602.61
MASKED,MASKED,MASKED,185,249.99982970502867,309.37
0x02ce3ac66d2c40c95609157c6391038d7684d530,CryptoKatryna,https://x.com/CryptoKatryna,186,875.0,2854.9
0xc68271c55b2b876ed50d49676c317db412d543a3,KeltğŸ”ºï¸âš”ï¸,https://x.com/cryptokelt,187,249.99982970502867,583.77
0x28a2ed4f01e6126357e8e8a15e7a29acaabaf84a,Patri(CK)ğŸ”ºï¸ğŸœ ğŸ¦âš¡ï¸,https://x.com/cryptokinder,188,249.99982970502867,12228.23
0x19aa8a1018a8ad2c665dbcef4ed635c16c1d8ca8,cryptoleonğŸ§©,https://x.com/cryptoleon_xyz,189,875.0,75358.95
0x593e30ec144d104cfb7f04c0d2fdbbc3e2e8b172,Mad,https://x.com/CryptoMad89,190,249.99982970502867,16821.01
0xc53cd7a9ec67da95c2e22ab94a5638191d0b2b46,CryMoon9000ğŸ”º,https://x.com/cryptomoonavax,191,875.0,20332.8
0xe2cf7c0ac165c76000ab5f5ac26ce53ebe6cfc49,Crypto Nick,https://x.com/Cryptonick1986,192,249.99982970502867,72707.04
0xab333511f81c3d5ad06ea78a0f9ba32347c69354,ARJUNNğŸ§©,https://x.com/cryptono0oby,193,249.99982970502867,23677.22
0x22d16a2db1655b4c3bb1619c51c81612220022e1,Quine9000ğŸ”ºğŸ“ğŸ’€ğŸ,https://x.com/CryptoQuine,194,875.0,1885.73
0xd89bcf9a80cf367174a83f33aa894e002cc63278,Veloce ğŸ”º,https://x.com/cryptoveloce,195,249.99982970502867,1134.09
0xb45209fba2e15e3c54dced55e0e9f2853d7258ef,Digger ğŸ”ºï¸,https://x.com/CryptoWacks,196,249.99982970502867,12494.7
0x7257b964faf54c104d8dc073983b86763fa5e497,@Cryptowalltown money Maker,https://x.com/cryptowalltown,197,249.99982970502867,19290.12
MASKED,MASKED,MASKED,198,249.99982970502867,3103.23
0x0faaf93d1cc3495f2bd2f4b7fc6af4aa9b59e30e,Crystalestia (off/acc) ğŸ» â›“ï¸ğŸ§©ğŸ”º,https://x.com/Crystalestia,199,249.99982970502867,25958.76
MASKED,MASKED,MASKED,200,875.0,52539.64
0x2e26aa875360fc8b504ecb02e9b37b48f2942e9c,Cyber ArtğŸ”º,https://x.com/Cyber_paisa,201,249.99982970502867,37278.27
0x7db3d080de992b1e2d6dbb4517362c26979a2770,Cyber,https://x.com/CyberRektruck,202,875.0,19238.0
0x7b48fdef4da873c20de2cc33a23b022d837f1ae2,Cycam ğŸ”º,https://x.com/cycam9,203,249.99982970502867,481.14
0x1e9348046232d3ce226da654bb103bda418246c7,Cypher,https://x.com/CypherXBT_,204,249.99982970502867,15128.98
0xfb4cf95188bff4161d08e18cc38d4fab74c7bb08,D_Scramble,https://x.com/D_scramble,205,249.99982970502867,34186.61
0xa258f881b770e04403ed5d16bdcf5a9db67f6975,ArenaDads,https://x.com/dadsinarena,206,249.99982970502867,32058.86
0x813204ac1e5ebd8146d0e296148b667f66cdaaf9,Dane McPherson,https://x.com/danemcpherson9,207,875.0,3079.57
0x04cfc236bafb96ed2cf4966ee4d30aa274b11bcd,daninft ğŸ”º,https://x.com/daninft_,208,875.0,43177.17
MASKED,MASKED,MASKED,209,249.99982970502867,122.87
0x90d94ac1f781b727945a835591b8decfec613179,Ãan ğŸ”º,https://x.com/DastardlyDaniel,210,249.99982970502867,32849.85
MASKED,MASKED,MASKED,211,249.99982970502867,0.0
MASKED,MASKED,MASKED,212,875.0,0.0
0x90e8e6dc9100aa66378ed39078f393a789f9fb3e,DeFi Gemâœï¸,https://x.com/DeFiGem__,213,249.99982970502867,23674.98
MASKED,MASKED,MASKED,214,249.99982970502867,335.06
0x26ff2d8c08347eb5e90c2caf994eaf76cb986bfe,Deniz9000ğŸ”º âš”ï¸,https://x.com/DenizYenen,215,875.0,55000.25
0xc615d60024e6946f7a010d8132e9597dea29927d,DevAndDraw - Lessons out now!,https://x.com/DevAndDraw,216,875.0,0.0
MASKED,MASKED,MASKED,217,249.99982970502867,5862.7
0xcf20f8338b5fd0ae523a328782158747eb84649c,Devondegen.avax ğŸ‡ªğŸ‡¸988.eth,https://x.com/Devon_ILV,218,249.99982970502867,1264.19
0x618bd93211c507cb9e5d1466a921abc595f1de31,DeybETH ğŸ³,https://x.com/DeybETH17,219,249.99982970502867,23331.62
0xae966824f249ee626445f0a1615722d7aa2f3f76,"Dino9000ğŸ¦–(ğŸš«,ğŸ¥¶)",https://x.com/dinoroars007,220,875.0,4012.36
MASKED,MASKED,MASKED,221,875.0,3166.09
0x8245282c09d79751fc63af12c850b64e6becf546,D.LOCOS 9000ğŸ,https://x.com/dlocosx,222,875.0,0.0
MASKED,MASKED,MASKED,223,875.0,9.45
0x9a4028e7c2220803f4a6a8997aa503bd70202c2c,Doruk9000ğŸ”º,https://x.com/DorukArdahan,224,875.0,0.0
0x12891179c9825602e105346a01c4e7c378569bec,DouroDope,https://x.com/DouroDope,225,249.99982970502867,28914.86
0x88dc0dfcb3f050b89b8947ed87fc8cea2c38a162,Dr.Ears,https://x.com/DrEarsAVAX,226,249.99982970502867,600.15
0x840121ad3417f386634ad83c2b8cc616c3c05285,Vitalik Einstein ğŸ§©,https://x.com/DrEinstein9999,227,249.99982970502867,20461.86
0x16029ade83c313fa0a0c0a74242d12d501c2c818,Gryzz L1 ğŸ‡²ğŸ‡½,https://x.com/DrGryzzly,228,875.0,71729.37
MASKED,MASKED,MASKED,229,875.0,5228.16
MASKED,MASKED,MASKED,230,249.99982970502867,0.0
0x78a9545ed8209d588393dfb480c6579fbebcc709,Finn - tebcğŸ”ºğŸ’§,https://x.com/Duong081998,231,249.99982970502867,6655.79
0x218641112a3e60b39f765ec5f7315a68a2cabc7d,dural âš”ï¸,https://x.com/dural_sh,232,249.99982970502867,20072.95
MASKED,MASKED,MASKED,233,249.99982970502867,0.0
0x2734150e229e3057edcb435bf879ece7ed91eff2,dylanmints,https://x.com/dylanmints,234,249.99982970502867,12826.13
0x269432960b7282b536c899cd6fa56929fa420399,Dyslexsick ğŸ”ºğŸ§©,https://x.com/dyslexsickk,235,249.99982970502867,2496.61
0x46f71831f063e293b14f32cdc42fb3a7021c4b4a,Easy,https://x.com/easyeatsbodega,236,875.0,168993.66
0x0989caa38bc9535960b759eadabc839a9b23142f,edc,https://x.com/EdC,237,875.0,0.0
0xebc088ae42db09f70ebb635ccd360f4659f88e44,Elisa,https://x.com/eeelistar,238,249.99982970502867,37198.92
0xf3ec739f4a0e65a76827e4ac355bc9b361237903,EigenL1chtğŸ”º,https://x.com/eigenlichtt,239,249.99982970502867,13431.19
0x41fd6c302e7055874cde68578f7512f9fc9962c0,ElenağŸŒ¸,https://x.com/ElenaaETH,240,875.0,80705.88
MASKED,MASKED,MASKED,241,875.0,0.0
0x81bc6188e92c7d95ea643b174213affe4305bfe6,Ellio,https://x.com/elliotherium,242,875.0,22994.59
MASKED,MASKED,MASKED,243,875.0,9522.16
MASKED,MASKED,MASKED,244,249.99982970502867,0.0
MASKED,MASKED,MASKED,245,249.99982970502867,0.0
0xad1f64082b60560e04008fe125170b81fdb9a235,entropy,https://x.com/entropy_8_,246,249.99982970502867,10021.39
0x2609fca25c3c91686fd5c288dffea0bc5b050be4,Erecia,https://x.com/erecial_,247,249.99982970502867,0.0
0x14223a4f452b518412caea3f42a37888cae4853e,Eric Choi,https://x.com/EricOneChoi,248,249.99982970502867,29671.34
MASKED,MASKED,MASKED,249,875.0,0.0
0x4f2339022f81e6692e2793a54e42966b5c86e011,Erika Lee,https://x.com/erikaleetv,250,875.0,38297.41
0x6dbb8109b561f87db656c918c86b51da0661956d,Kriddo9000.avaxğŸ”ºğŸ,https://x.com/ErmiteSauvage,251,875.0,32710.96
0x85db5dfdd01c111812737cf1266ff11f3f924687,Estrid ğŸ¦ğŸ§©,https://x.com/EstridNFT,252,249.99982970502867,20033.08
0xe8c4170f68518c3b6bc3c6c9b33a071bea44e569,APPLEğŸ”ºL1,https://x.com/eth_apple,253,875.0,74822.74
0x27d235e6137657327dc13c5c9f1263eaf674d91d,Etienne Castiglione 9000 ğŸ”º âš”ï¸ ğŸ‡¦ğŸ‡º,https://x.com/etiennecastig,254,875.0,44292.99
0x36f67bda00fd12f0952e41f99694f83952df3ad0,Eugene9000ğŸ”º,https://x.com/eugene_avax,255,875.0,21890.72
0x39ecd4767f407fa33556fb8dd527f55248a6fd6d,JoJo,https://x.com/euroXjojo,256,249.99982970502867,24564.87
MASKED,MASKED,MASKED,257,249.99982970502867,0.0
0x1b1141f2eee946a8bed8e7ab549711853fde93c1,ÎxcelBaller,https://x.com/ExcelBaller,258,875.0,0.0
MASKED,MASKED,MASKED,259,875.0,0.0
MASKED,MASKED,MASKED,260,875.0,136603.01
0xfc223ba77a6885dfd53c1d85e9ac5336f584cc9c,Fabio L1,https://x.com/fabioviriba,261,875.0,25598.56
0x99abe377eca156f580e65297cfd8ef560dbbac2e,fabshab,https://x.com/fabshab__,262,249.99982970502867,565.1
0x98f83281aa0759c0b5446dacd86f2d25a4323dd5,AbÎfÂ£ â„ï¸,https://x.com/falemiayo,263,249.99982970502867,17156.42
MASKED,MASKED,MASKED,264,875.0,0.0
MASKED,MASKED,MASKED,265,875.0,305.03
0xcabd872607ee3947355cb6a15fc137d8720e903e,FFJOE ğŸ”º,https://x.com/ffJOE_gg,266,249.99982970502867,0.0
MASKED,MASKED,MASKED,267,249.99982970502867,43397.25
0x1768a3a729803a7f31eb5649e64394296bd77c50,Figurandy,https://x.com/figurandy,268,249.99982970502867,28205.1
0x46dcb25ac6a1ce5253d85fa97404b213863f46a1,FireStorm9000ğŸ”º( ğŸš«ğŸ¤– ),https://x.com/firestorlvl,269,875.0,0.0
MASKED,MASKED,MASKED,270,875.0,0.0
0xd03c99866b072bfb2c77c1729efaddfacaa83d5a,Facundo Martin9000ğŸ”º,https://x.com/FlacuMartin,271,249.99982970502867,25077.96
0x2c0ad3ffb832ca5643983f2e99a7bd85c72c34ef,Emperor Osmo ğŸ‚ ğŸ¯,https://x.com/Flowslikeosmo,272,875.0,29238.12
0xa716de09773f2cac82ab3ab5f700518639e37dc7,flubbah (ğŸ¤),https://x.com/flubbahWoW,273,249.99982970502867,16944.55
0x2a8557384df90a71d2b44ea8e074902514e1dab3,FlukeJ,https://x.com/flukejarena,274,875.0,94179.95
0x00f429491c8ccd78e6c63d05aaea4e2e0422c13a,Foul ğŸ”º,https://x.com/fouljpeg,275,875.0,4528.0
0xe342f99f6826229014d1ab6a4a3ffeb3dbd18eae,Fourchette9000ğŸ”ºâ›‹,https://x.com/Fourchette__,276,875.0,4145.56
0x497fe20c94d4ba9247582462d6dcb945b160fd20,openthefridge â„ï¸,https://x.com/fridgeintheopen,277,875.0,158531.23
0x77156da6dfc18a631b99f785d0e46b9f9c7afacf,0xWizard ğŸ”º,https://x.com/Fujiwar68349191,278,249.99982970502867,14675.89
0x3b8dd5e9565d0f2242affe65e698663a51f02573,Furk,https://x.com/furk_art,279,249.99982970502867,0.0
0xdb35685bb3abb96df19d6fe103ab8ae0b96acfd8,Furkan ğŸ”º,https://x.com/furkanrypt,280,875.0,40639.73
0x611180f89dfb1361ed5483bd00e2c56ea586bb3d,giraffe,https://x.com/g1raffe_,281,875.0,20122.5
0x72c57d2e4f60e1834be8aad988dd36c8c26f220b,Galileo,https://x.com/GalileoWil,282,875.0,51415.8
0x4ab3cddfd60e96489548d0c26916fe7ba88242f9,Barbo9000ğŸ”º,https://x.com/gameplaytaipa,283,249.99982970502867,41250.33
0x32ecbcbabae00325b7f286427716eca0bedda547,geeeeeee,https://x.com/geeeeeee6793,284,875.0,106464.12
MASKED,MASKED,MASKED,285,875.0,0.0
0x11d98965fc5568a316651bcd8a3dc2d1279115bd,dripz.solğŸš€,https://x.com/GENZDEGENLOL,286,119.07773692969066,15851.57
0x070b51a3e770e75e45f34c7db768d788aea10830,georgeğŸ”º9000,https://x.com/georgessammour9,287,249.99982970502867,31596.09
0xf57908636f97e33ffbc96ca7f13c13b54861804e,gerhard â‚¿,https://x.com/gerhardvonbier,288,249.99982970502867,726.63
0xc57b1f6d9b66d528af1cd2d0a7a2ffa389cd3a10,Acid9000ğŸ”º,https://x.com/gfk_acid,289,875.0,2757.03
0xc4aec60de553c5db9e4d4f4814c68b32195c2f07,Daik ğŸ”º,https://x.com/ghmm_hm,290,249.99982970502867,59190.1
0x9108473818614292320f099e6b7b8444cf5b7bb5,Glo9000ğŸ”º,https://x.com/gloavax,291,249.99982970502867,81921.59
MASKED,MASKED,MASKED,292,249.99982970502867,0.0
0x96f8d8f51bf82f48fb9ff0685847873f35646b8f,gobelz ğŸ¿,https://x.com/gobelz_,293,249.99982970502867,19979.38
MASKED,MASKED,MASKED,294,875.0,6170.92
0x380513e6c35180c285aeb33842110d43c7b8c844,Golden ğŸ”º,https://x.com/goldsmols,295,249.99982970502867,2712.74
0x25c7160789d8d16212bbd092b65133624ca826d9,GOOD ğŸ’šğŸŒğŸ”ºï¸9000,https://x.com/GoodonAvax,296,875.0,20956.37
0x9b921fad875b06183d3992a125026c89915d71f6,Grandma ğŸ‘µğŸ½,https://x.com/Grandma0x,297,875.0,50181.3
0x81a0138d018b2aa90de06cc46d59868ef5b88aa1,Grenville9000 ğŸ”ºğŸ“,https://x.com/grenvilleriley,298,875.0,3723.65
0xf1a24eba326c03e74782cf0ed47c6b7e8ad27f2c,Gribbly ğŸ”º,https://x.com/gribbly_fire,299,875.0,137646.35
0x7767c4a03b226437fab17386151fda7e3cff5aab,GregSpice ğŸ”º ğŸ“,https://x.com/gtreece,300,249.99982970502867,24758.89
0x43f3163f4f718d6dc7b28ba96da4536d3a1cba38,Guru Wendall,https://x.com/GuruWendall,301,249.99982970502867,58722.78
MASKED,MASKED,MASKED,302,875.0,0.0
0x40c9abc17dfd2e0815bd86b57a872ad1698b71cf,hankcase,https://x.com/hankjcase,303,875.0,0.0
0xcfed01b111deaca96d9595f9530fff2722e77e43,harry9000 ğŸ”º,https://x.com/harry_avax,304,875.0,66753.48
0x9330f7f5b9d4d26cfde3f39cc9a9b72f285f94e4,Retardo Masturbhinio,https://x.com/HD420O,305,875.0,51212.94
0x1f351b1caf0b7037353cd284a6a225cecce5677b,Hebenick9000 ğŸ¦›ğŸ”º,https://x.com/hebenickas,306,249.99982970502867,8893.47
MASKED,MASKED,MASKED,307,875.0,0.0
0x046303bb1d9590c185dbc3efa94dfcb8b74e1425,Andy,https://x.com/hithacrypto,308,249.99982970502867,29065.15
0xbee8cfa59b0cc8b8fdbdad7f7b9e7b24d7e8b470,Xáµƒáµ›â±áµ‰Ê³,https://x.com/hmmxavier,309,249.99982970502867,0.0
0xd4789c4cecf70fb5692c9f4e7ce51d1f396a71b2,Hâˆ€ğŸ”º$9000,https://x.com/hn_avax,310,875.0,2266.95
MASKED,MASKED,MASKED,311,875.0,941.6
0xbb01d7a6d1d9062d6e2006d3cb93cc9d8c6f3850,SamğŸ”º| #CoqHero - ğŸŒ Dead Inside,https://x.com/Honest_Man42,312,249.99982970502867,16492.31
MASKED,MASKED,MASKED,313,875.0,0.0
MASKED,MASKED,MASKED,314,875.0,0.0
0x3a5685f13b204b7f21a0093d3fbaee7e79c19ca5,HrishitağŸ‰,https://x.com/hrishita_hues,315,249.99982970502867,2899.54
0x68c34a3f8d9a32cbb97d1ed3477791f2ffab9a13,Hunter Solaire áµáµ,https://x.com/huntersolaire_,316,249.99982970502867,32854.2
MASKED,MASKED,MASKED,317,875.0,7754.85
0xae2bd0fef3dc11eda17308e1a81ef7b537369564,hushky (wise cat arc),https://x.com/hushky6,318,875.0,0.0
0x00ce227c3dacbd1770fe3718807394bfff0c842a,hydrogen,https://x.com/hydrogen_sr,319,875.0,83740.06
0x8935d4ccbf09479ebb86efadf8077edba84acfb8,Royale,https://x.com/iagosnews,320,249.99982970502867,19554.47
0x5c61a54bb158ae53241f019f1ab6ea6bdb29399f,Amy StreetğŸ’«,https://x.com/iamamystreet,321,875.0,214206.8
0x7f0fb52b7bb68ad205f254a03c4caaf32d44bd3e,BigRhaz,https://x.com/iamrhazkid,322,249.99982970502867,16753.76
0x2b26da567c2a8c220daf91be8e37a429d33aef0b,icebergy â„ï¸,https://x.com/icebergy_,323,875.0,109621.9
0x03c6547a6935ec26dc9c9440bbe758afb2e06797,ImGroot ğŸ§²,https://x.com/imgroot66,324,249.99982970502867,14747.79
0x71ab9ab2f39c41d248895026956e5e7f8d3db646,Karu ğŸ”ºğŸ¤˜ğŸ¼ğŸŒªï¸,https://x.com/imkaru_,325,875.0,10521.9
MASKED,MASKED,MASKED,326,249.99982970502867,0.0
0x62281c4d41f2ef3cf14405b31b24a59d3e06346c,inhuman,https://x.com/inhuman,327,875.0,194997.37
0xf4c8739e1d4c287925d014bbb9bccd06335fb7d7,IÃ±igo Zepeda âŸâšœï¸ğŸ”º,https://x.com/inigozepeda,328,249.99982970502867,27162.81
MASKED,MASKED,MASKED,329,875.0,0.0
0x3504a1fa9ddc17b514d9a01f1c7712b2dd4bc16b,isaac âš”ï¸ğŸš«ğŸ§Š,https://x.com/isaac31859155,330,249.99982970502867,1556.41
0x67e0b8064241f0d784a42782aadd3b480d8cb429,YM ğŸ›¸,https://x.com/itgirl124,331,875.0,0.0
0x73b2e83fa1ee3057053350e830ecc3b535672b62,"WILSON (Ã˜,G)",https://x.com/ix_wilson,332,249.99982970502867,48620.79
0x403441d0180ca1c1972b9794f208f8f41e6fb60e,J777Crypto,https://x.com/J777Crypto,333,875.0,35609.33
0x08cdeba02fd031e1fc419b3a292adc5a842a830a,Jacoos,https://x.com/Jacoosjacoos,334,249.99982970502867,43177.37
MASKED,MASKED,MASKED,335,249.99982970502867,26627.89
0x415bcbaada0a7c1f987ebbda64c72f3d62d8932a,Jason.avax,https://x.com/jason_avax,336,249.99982970502867,18809.9
MASKED,MASKED,MASKED,337,875.0,0.0
0x4a68d54ed97d4dec0ee5f0afc49103b6dc091a4d,Jason Desimone âš”ï¸,https://x.com/jasonmdesimone,338,875.0,2347.41
0xd45e525b02c0fdb5c381356b0e4f55069ef6d14d,Jave,https://x.com/jave_gg,339,249.99982970502867,14550.1
MASKED,MASKED,MASKED,340,249.99982970502867,25670.69
0x9f8d6acc821f0de7f6bdcc473f1bd0d65da8556b,Jaybies ğŸŒ­,https://x.com/Jaybies911,341,249.99982970502867,3717.61
0x7cce83c9808d76fc394a2c1682a298bd39dd8703,Janan.moca ğŸµ,https://x.com/JbirdyJ,342,875.0,51154.63
MASKED,MASKED,MASKED,343,875.0,0.0
MASKED,MASKED,MASKED,344,875.0,0.0
0x513a0eb566b789dba6dcd00f592077a3e104ee3e,Jenkyfam,https://x.com/jenkyfam,345,875.0,57862.21
0xf66b35b576098892f9f99a07bedeebacdb3b1fa3,Jereziz ğŸ§©,https://x.com/jerezizzz,346,875.0,103379.83
0x4e605b47297b8c973a5562d44ae1d212755422d5,Jerson ğŸª¼,https://x.com/Jerson100x,347,249.99982970502867,47717.47
0x1f81d63636751cba5ea65228b6a6dcbff8762efb,jila âš¡ï¸,https://x.com/ji__la,348,875.0,8236.17
0x06c16882331f5020b2f81418e91da1dd63ebeee9,Jiurn ğŸ§™ğŸ½â€â™‚ï¸,https://x.com/jiurn,349,875.0,89974.28
0xd39e17194c2852bec3a5c710269a6af7a76adf35,Johnwiz ğŸ§©,https://x.com/Johnwizord,350,249.99982970502867,25917.37
MASKED,MASKED,MASKED,351,875.0,34229.53
0x117f1f13209de72ae7a3ff6d75397117f39a9d3e,Jony.Sarker.AVAX9000ğŸ”º | ğŸŒŠğŸ“˜ğŸ§ª,https://x.com/jonycsarker,352,875.0,34298.42
0x20d0a92098f47b50b058508fc08ab65550d19b1e,joseph ğŸ¦ğŸ”º,https://x.com/joseph_k17,353,249.99982970502867,86145.29
0x524f6cc8129f142dcb35f51ad0fecb8ef824ced2,Juliboy 9000ğŸ”ºï¸,https://x.com/juliboyavx,354,249.99982970502867,51663.03
0xf5ffb26afbdb4a16f0812908c7863677174de5fe,Justin The Fartographer ğŸ’¨ ğŸ“¸,https://x.com/JustnThePhotog,355,875.0,68871.32
0x1d089dafcce392ec3440b0df1442f6d19e313627,Kadiliman | Bison | T1ğŸ”º,https://x.com/KadilimanBison,356,875.0,110286.2
0x1c5bf9049377a269639022a8edb206c15b47a74e,Kaiz,https://x.com/Kaiz_294,357,249.99982970502867,14243.0
0x3ac2f76994638730a1bb5c004179a9da890144d3,KanesleyğŸ”º,https://x.com/Kanesley10,358,249.99982970502867,583.77
0x4bf366eb65134cb9de6e000dbddee9903569d322,Shelly,https://x.com/kangshellxx,359,249.99982970502867,40838.76
0xf508c2be6c8b5f10a6ea4637332ec9e3270a6fd0,James The Cryptonian (ğŸ”º),https://x.com/KAOS_the_legend,360,875.0,29027.41
MASKED,MASKED,MASKED,361,875.0,24373.95
0xcfd32101e6cae25537da0619452974be4df96583,karn.avaxğŸ”º,https://x.com/KarnSahdra,362,249.99982970502867,1003.99
0xca00bf72e622cc3af0bcf4c203718d3bbba95041,Keidaten ğŸ”º,https://x.com/Keidaten,363,249.99982970502867,35255.69
0xda876354f2d5b4396b37921ae95c0493168ac695,Kelano,https://x.com/kelano_eth,364,875.0,140916.7
0xc042a6d1f61df1763b7251ba18c0a3861ccf7cb7,Kelso_MK,https://x.com/kelso_MKK,365,875.0,33506.27
0x626b1aeadb9fc0b465b40ade4f4bbf0c01c9db40,Just Kenny,https://x.com/kennyAVAX,366,249.99982970502867,12605.59
0xbaf6610405bd8c60432fbd329885dae617e647ca,ãƒ–ã‚¯ãƒ–ã‚¯ğŸ”º,https://x.com/kenzounnnnn,367,249.99982970502867,978.89
0x02fa36fc223c5f68b68048157c3bdd0c6b9a42bc,kerimo,https://x.com/kerimoii,368,249.99982970502867,30505.02
0x9bde7d3698b7ff753648ade39392f8f1c7edca91,Kesler,https://x.com/kesler,369,875.0,121734.04
MASKED,MASKED,MASKED,370,875.0,0.0
0xa6fa4a360b6feeefb63c6744610700662e8c5249,KÊœá´€É´É¢HÉªá´‡á´œ.á´‡á´›Êœ,https://x.com/Khanghieueth,371,249.99982970502867,0.0
0x8491fec2ff6cac2095cc57c334b992b6870fd1e6,kÌ¶iÌ¶lÌ¶lÌ¶strikeâš”ï¸,https://x.com/Ki11_5trike,372,249.99982970502867,8419.44
0x70c63945e46bd2f76ee569b9df71488d2ed6073d,Kickz,https://x.com/kickzeth,373,875.0,87526.56
MASKED,MASKED,MASKED,374,875.0,0.0
MASKED,MASKED,MASKED,375,875.0,0.0
0x200c2d80197017133ee0c8aaa6c90bb9554fabeb,ã‚­ãƒ¡ãƒ©ã‚´ãƒªãƒ©(9000) ğŸ”º,https://x.com/Kimegoriuhho,376,875.0,6182.41
0x23d956c1608993222c2032e1fc97796a82632445,Invisiblefriend.fireğŸ”ºğŸ¥,https://x.com/kindgroove,377,249.99982970502867,34129.95
MASKED,MASKED,MASKED,378,249.99982970502867,11733.53
MASKED,MASKED,MASKED,379,875.0,19798.46
MASKED,MASKED,MASKED,380,875.0,0.0
0x392d961bd289833094afc45697887b8199e30862,Kraven9000,https://x.com/Kraven___,381,249.99982970502867,8267.29
0xd563a33b01b033c8d856f5ea1ade7659a0edc1a6,Alican Ã‡alÄ±ÅŸkanğŸ”º9000,https://x.com/kriptoparamedic,382,249.99982970502867,53544.13
0x02b914653937cb2b6c463975421893f40dbf6a9b,Kruchev,https://x.com/KruchevKEK,383,875.0,4554.52
0x3c83babe9223b29e459666b644c6a59de238e0d8,Wurfel 9000ğŸ”ºğŸ’ğŸ”ºâš”ï¸,https://x.com/krypto_wurfel,384,249.99982970502867,0.0
0x91c1c72c21bed9d80cc28d926cac60d09dcbaf92,kspaze1,https://x.com/kspaze1,385,875.0,5846.8
0xb3208570c8a34822123a376ea2d4375f122c282d,Kyle Willson,https://x.com/kylewillson,386,249.99982970502867,43347.95
0xbe15ee93ce514613e2def07954c20cd279fbad63,KyoshuğŸ”ºğŸ¤˜ğŸ¼ğŸŒªï¸,https://x.com/Kyoshuu257,387,875.0,79602.12
0x389e2c6d91a6af948bb5744f99bed5680e1eb0ae,Kyrzel âš”ï¸,https://x.com/kyrzel1,388,875.0,24830.38
0x8a22f5eb6c53149498bffaca3604c9d987887e27,Lamboland,https://x.com/Lamboland_,389,875.0,106529.17
MASKED,MASKED,MASKED,390,875.0,57851.48
MASKED,MASKED,MASKED,391,875.0,0.0
MASKED,MASKED,MASKED,392,249.99982970502867,16198.87
0xa277df9e485a40fa250dd7d2dfe2a196cd95b539,Le699A.eth,https://x.com/Le699A,393,249.99982970502867,15523.42
0x660d74e5ca8b853ab58a2a336b58ac05f475887c,Legendary,https://x.com/legendarygainz_,394,875.0,119303.97
0x25e04a1b0f44a4c3c89fedcc0c0f17e3476c21fb,LeKorsaire9000ğŸ”º,https://x.com/LeKorsaire,395,875.0,44164.89
0xa44f650dc7a82a2ce10c7420f3bad88b4a90a162,Lenim,https://x.com/lenimNFT,396,249.99982970502867,11487.06
0xaf4489e265028157ba42657c8e8935954f9e51be,leocsm9000ğŸ”º ğŸ‡§ğŸ‡· ğŸ‡µğŸ‡¹,https://x.com/leocsmavax,397,249.99982970502867,31148.77
MASKED,MASKED,MASKED,398,249.99982970502867,0.0
0xe224e0367e2285765675253b1ed16fc6ba96de07,LFJ_Koi| ğŸŒŠğŸ“˜,https://x.com/lfj_koiyourboy,399,249.99982970502867,812.44
MASKED,MASKED,MASKED,400,875.0,641.99
MASKED,MASKED,MASKED,401,875.0,0.0
0x9b8c55e8f77618013fba3aca621e128593d8b96d,WhiskyğŸ”º,https://x.com/LickmyPaposaco,402,875.0,18044.5
MASKED,MASKED,MASKED,403,249.99982970502867,27296.03
0x5bd8eff5967b1f1812fda2d5e5802d28d1cd793c,LINKğŸ”ºAVAX,https://x.com/LINKxAVAX,404,875.0,3276.35
0x484f3e74a54d82fb0fbcd0ce9ca2e48ad9b87a57,Lio Chain 9ğŸ¥šğŸ¥šğŸ¥š,https://x.com/Liochain,405,249.99982970502867,34713.37
0xeaf9a74ba2928a903366bd42339f1bbf1cbdaa59,liprug.avaxğŸ”ºï¸,https://x.com/Liprug822,406,249.99982970502867,64782.74
0x89a22fb491fefc36941a042af0340ce0430044e3,Lisa9000ğŸ¶ğŸ”º,https://x.com/lisavax1,407,249.99982970502867,25679.91
0xbf6656490bdfc34ab6e2b1786b5cecd97dcfc420,ğŸ”¥ğŸ”ºLitzğŸ”ºğŸ”¥,https://x.com/Litz911,408,249.99982970502867,640.81
MASKED,MASKED,MASKED,409,249.99982970502867,3248.41
0x021a18636c54ee5314fa9881b4e2f9a801d9d189,Keyamo ğŸ”º,https://x.com/llIIllIlIIIlIIl,410,249.99982970502867,16078.22
0x83676d6cb45b0f134941bc3c4ddd3f9b9349d07e,L,https://x.com/LoganNFTs,411,875.0,131152.15
0x24f78d62a8593e32835d3effddc3c55f83ae3fc5,Loki,https://x.com/LokiI100x,412,249.99982970502867,19522.34
0xddfd07ee29be6459876d24bfc1bfd9fd6fae11d2,Lonely Rooster,https://x.com/lonelyrooster_,413,249.99982970502867,3532.51
0x5fc045981e212a23f40f5eab929a2dde1f38a438,Loopy,https://x.com/LoopyFTN,414,875.0,69742.14
0xc6b71cf73263c8024f55c401173aad76d83f6391,Loshmi,https://x.com/LoshmiOnChain,415,875.0,85350.03
0xe0c2b183f049d85dcfed29f12c40f58f69b60f34,Tigresa.mambo,https://x.com/LoveCrypto15,416,875.0,30391.81
0x17586770443bb6e58c88bde05a7cb43a92c444e3,Memer Boomin,https://x.com/LS30sounds,417,249.99982970502867,18781.61
MASKED,MASKED,MASKED,418,249.99982970502867,0.0
0x2bc4ad18d49404e454f864748a8ee03b214c7194,PaperChaser9000ğŸ”ºï¸,https://x.com/Luckymonkey141,419,249.99982970502867,2682.27
0xae85de4d6d0578dc92e1dc2a19e6700a82bc5690,Luke9000,https://x.com/luke152,420,875.0,35717.42
MASKED,MASKED,MASKED,421,249.99982970502867,4.78
0xa378c32b78c2d7a4325f517c37b668d239deb66c,Lxk ğŸ‘ï¸,https://x.com/lxcas_eth,422,249.99982970502867,25235.27
0x122822e0ca8595c5ef201f7e08d03124e39c0f22,MadSkullz,https://x.com/MadSkullz_NFT,423,249.99982970502867,1803.76
MASKED,MASKED,MASKED,424,875.0,31376.33
MASKED,MASKED,MASKED,425,875.0,0.0
0x048b651db65ca24ca3ca5fe31c43a7e41c91b838,thÃ©vert,https://x.com/maislethevert,426,875.0,13019.89
0x96721b87912f3f1ae2d755570776e852e184287a,Matthew Malek,https://x.com/malek_matthew,427,875.0,192611.01
MASKED,MASKED,MASKED,428,875.0,33530.45
0x1e6f5c34ace41c210d718b52b40ab4781caa3e57,ManitouğŸ”ºğŸ®ğŸ¦´,https://x.com/Manitou0803,429,249.99982970502867,3428.53
0xdfc5724a02915c0a98a4a5f0743d565df3efc359,Marc V.á´¸Â¹,https://x.com/marc_villaf,430,249.99982970502867,0.0
0xe42d8869f72b79ae3dd66fcc098f46c45290225e,MasterChief (golden bull cycle arc),https://x.com/MasterChiefNFTs,431,875.0,89209.74
0x8dee2dce2e3295d8931382d340e7b3566f258a89,Matt 9000ğŸ”ºğŸ”âš”ï¸,https://x.com/MattSchmenk,432,875.0,14343.71
MASKED,MASKED,MASKED,433,249.99982970502867,0.0
0x59eba8b63dad6813e4996ceb3ee69b844b511091,UNCLE ğŸ´â€â˜ ï¸ EDDIE ğŸ«µğŸ˜¹,https://x.com/MediaGiraffes,434,875.0,41464.85
0x2a48f81dfd2919a740490bcf08504c0dc0adba33,ğ•¸ğ–Šğ–‘ğ–†ğ–™ğ–”ğ–“ğ–ğ–“,https://x.com/melatonin,435,249.99982970502867,0.0
MASKED,MASKED,MASKED,436,249.99982970502867,0.0
0x436e5b5d4052b425b80ba954c0dc6ea81a97f398,Frogwell ğŸ¸,https://x.com/Memofrogwell,437,875.0,51787.98
0x7beed30332656ca4220cb2ce8e4508fb18013e8d,mera takeru / crypto artist,https://x.com/mera_takeru,438,124.99991485251434,22070.96
MASKED,MASKED,MASKED,439,875.0,37627.95
0x41a9d9ec66fbea21ebeaee1d1758f4ec650efe3a,Mertfacts9000 ğŸ”º,https://x.com/Mertfacts,440,249.99982970502867,59717.24
MASKED,MASKED,MASKED,441,875.0,0.0
0x1cc16a91691407b04f25cc5ff8af047b0ee3bb32,Meta Gandhi (Abs Arc) âœ³ï¸,https://x.com/metagandhi_,442,875.0,102492.49
MASKED,MASKED,MASKED,443,249.99982970502867,3709.95
0x8a84f8cc659b2a758bc53712fa053175a60a642a,Maikuzz,https://x.com/Mikooooookun,444,249.99982970502867,15070.24
0x2616cdded327063250667b970852d941ba94f39b,minho ğŸ§©,https://x.com/minhoeth,445,249.99982970502867,19808.52
0x1fbe341c62b99858f692440be1146ef67c2c123f,MinisterOfNFTs ğŸ”®,https://x.com/MinisterOfNFTs,446,875.0,71808.4
MASKED,MASKED,MASKED,447,875.0,0.0
0x426559f47e29acd16774503657348a2cfd4bbcb8,MiRamen,https://x.com/MiRam3n_,448,249.99982970502867,35288.29
0x6f48f870cea62930efd45ebebca0e9bec5d17fc6,JayMin.lens ğŸ§©,https://x.com/miscellanous111,449,249.99982970502867,21645.45
0x6f3607c227b2470db1daef4fcb35414facba5739,jumbo,https://x.com/moneyduplos,450,249.99982970502867,4319.79
0xd0e9309cc0b4d72b7cc5dba55bee1193b5b0978a,Morty9000 ğŸ”º,https://x.com/moneymorty,451,249.99982970502867,100780.05
MASKED,MASKED,MASKED,452,875.0,0.0
MASKED,MASKED,MASKED,453,875.0,0.0
0x073499a20d11a3f2cfbae3f2d42583bc3a84e53a,mrboson,https://x.com/mrdotboson,454,875.0,153942.87
0x580bd497b568d155494c0718b7f63053b75a24d0,Mason Roberts,https://x.com/MrMasonRoberts,455,875.0,53098.56
MASKED,MASKED,MASKED,456,249.99982970502867,0.0
0xb29838a5600eff5efd0eb1f3f32ad58937874cb1,MNM.nad (evm/acc) âŠ™ âŒ˜Ã˜,https://x.com/MrMNM_xyz,457,249.99982970502867,20318.85
0xfa81b195fa180baf79049dc76189b551a5cc3c6e,Mocket ğŸ’§ğŸŒ¸,https://x.com/mrmocket,458,249.99982970502867,37405.3
0xc4789f786e3cd88ce22c19ba790f8ad548f2001e,MxğŸ”º,https://x.com/Mtgs87_,459,249.99982970502867,67770.8
0xcf084bf66d2fcf8721beca538f2ec0cb1c06a0bb,$MU âš”ï¸,https://x.com/mucoinofficial,460,249.99982970502867,49246.85
MASKED,MASKED,MASKED,461,249.99982970502867,6006.54
MASKED,MASKED,MASKED,462,249.99982970502867,0.0
0x707acafd73532f6c00aecbba29adf77eda0cb15f,Alexandre T. ğŸ”º,https://x.com/narualex04,463,875.0,0.0
MASKED,MASKED,MASKED,464,249.99982970502867,5107.69
0xeef9ae413c06f332b7ae4884ad3c841cb63e7b6a,Naskaa.eth ğŸ§©,https://x.com/naskaaeth,465,249.99982970502867,24425.57
0x98c56a6194e42c9a1dde7b9660536f1f35b11fd3,Naldo ğŸ’,https://x.com/necessarygrowth,466,875.0,1404.3
0xf410e458d0d603789323937ee05774d2178cb553,0xNedz9000,https://x.com/Nedz_Space,467,249.99982970502867,12406.44
0xa6c647dddcc7190a66c3d20584f84e6cd3abc1c9,nescafe,https://x.com/nescafe_exile,468,249.99982970502867,20297.38
0x4ef648ad96db020111a3a0e7bce4ff6e1af3da68,NFTboi ğŸ¥·ğŸ§©,https://x.com/nftboi_,469,875.0,14648.55
0xcc2915d49c21437985d380d8884f0105456458d2,cdivğŸ”º,https://x.com/NFTcdiv,470,875.0,0.0
0x315bd7ca72934502b4a4683d7f6ba9fad1362473,MenaceToSociety ğŸ¥¶,https://x.com/NFTsAreNice,471,875.0,60606.12
0x0736ced74439b7b526c9f6d475bf003ea1f79083,LADY WHISTLÎDâ—WN ğŸ§©,https://x.com/NFTWhistledown,472,249.99982970502867,46470.44
0x6a86efa012feda64b70112022487fee22e67d2fb,SmokeyNS,https://x.com/NickS0usa,473,249.99982970502867,28075.18
0x589158fc4e7a29e35495b6e32bc3378ea7d022ba,Nicolas ğŸ±ğŸ”º,https://x.com/nicolas_a4,474,875.0,59861.0
0x61861540f17379318d8461cf4693c2d9efa1bc31,Niirwaa,https://x.com/niirwaa,475,249.99982970502867,9463.21
0x6a6bb94954b870800564880670ca95acc451d644,âš”ï¸NiKoLa TeSlAâš”ï¸,https://x.com/nikola_tesla_v2,476,249.99982970502867,31806.4
0x4ef406c6bdea97acad2a935a8ff9097a81d79dd9,ãƒ‹ãƒ¡ãƒ«ã‚®ãƒ¼ãƒŠ,https://x.com/nimeru_gi,477,249.99982970502867,0.0
0x187552928d6219bb1195effc6845ad6d520105f5,NiRuntz 9000ğŸ”ºï¸,https://x.com/Nirund14,478,249.99982970502867,7761.26
0xff748368eff5a9cce12e021616f2ab6acf480a4f,sdkillerfang ğŸ§©ğŸ”º,https://x.com/nnnaaajjj,479,249.99982970502867,32460.35
0x1bccea07ae47ae3c5f8207e253fcf733d19412ed,Hermes Fartmigestus,https://x.com/NoahLampert,480,875.0,73115.81
MASKED,MASKED,MASKED,481,875.0,0.0
0x50e2a5b8a0a238d40f55156735383f12520c0b93,nochillio,https://x.com/NOCHILLIONAIRE,482,875.0,7752.53
0x7cb4b4f60f0330079dc423bda481fef23f370817,âš”ï¸nopzğŸ”º,https://x.com/nopcanmakehrth,483,249.99982970502867,12630.16
0x2b54500d869fb696eba40a3c392e5529e2cb56e4,NotWarhol,https://x.com/Notwarh0l,484,875.0,12867.11
MASKED,MASKED,MASKED,485,249.99982970502867,1175.52
MASKED,MASKED,MASKED,486,249.99982970502867,22158.81
0x932522ede00a769e178bf9b0dfff54474ba50f13,Oceanic_9000ğŸ”ºï¸ğŸ”ºï¸ğŸ”ºï¸,https://x.com/Oceanic_9000,487,249.99982970502867,28832.84
0xe2ac13c0935235a6adbcaad5244a1367719b1b28,oclumen,https://x.com/oclumen,488,249.99982970502867,13524.04
MASKED,MASKED,MASKED,489,875.0,25114.75
MASKED,MASKED,MASKED,490,249.99982970502867,0.0
MASKED,MASKED,MASKED,491,875.0,0.0
0x67d0357f9c4ed0c565114bad06a610ee20801c37,Oguz Capacioglu ğŸ”º,https://x.com/oguzcapacioglu,492,875.0,0.0
0x4b571d6e628d3a4b9a0464a7c7729ee7bcd3953a,OÄŸuzhanko ğŸ¥·,https://x.com/oguzhanft09,493,545.0001055828823,51991.65
0x06f80d248e4b116ba153f7fe11eb81eaa95db2a1,Dr OjaYğŸ­ğŸ¤,https://x.com/ojay8185,494,249.99982970502867,24059.18
0x450e639b705cb109d530b1adeee52659f5b24eb2,David 2XğŸ”º,https://x.com/ojigombadavid,495,249.99982970502867,16645.24
MASKED,MASKED,MASKED,496,249.99982970502867,2547.83
0x10994c5775c2a825e15bc016fb03dec068a650ac,Ollie | ğŸ—¡ï¸,https://x.com/ollieblocmates,497,249.99982970502867,14656.01
0x8d2a4252746090551b44839680305b0b3b6959e6,Omni,https://x.com/Omni_021,498,875.0,52111.78
0x9727e451546e8d2103d432967796904164477d9a,moritz,https://x.com/onchainMo,499,875.0,132463.83
0xb84ec1e9d66456c3e96c356cbe206ae02a2dcf33,0xShadow âš”ï¸ ğŸ§¸,https://x.com/OneWingedShadow,500,249.99982970502867,40065.65
0x5caa090dfc83a9f4e7f05d848a510ae9eedc46d2,yuri,https://x.com/orbitgagarin,501,249.99982970502867,51009.74
MASKED,MASKED,MASKED,502,249.99982970502867,0.0
0x423fbfc8b32d9734d6a265b3162be917598256fe,Ororys9000ğŸ”º,https://x.com/Ororys,503,875.0,0.0
0xc35a363a2a69e9649ad40c2771265791eba36015,Otavio Gimenes,https://x.com/OtavioGimeness,504,249.99982970502867,23060.78
MASKED,MASKED,MASKED,505,249.99982970502867,15802.47
MASKED,MASKED,MASKED,506,249.99982970502867,0.0
0x503720bd8ffe1e164dc9b58b10f91072d93bd71f,Maragkos Petros (MDX),https://x.com/Oxydo11,507,249.99982970502867,25408.83
0xd6f3775bc8a0b6254cb6185b429146589acc9cbc,MINURY.nad,https://x.com/pabilipobigas,508,249.99982970502867,36023.16
0x1e546f05c4ad607a99e1c91ab1a7a79c903ed6f8,pablexx9000 ğŸ”º,https://x.com/pablexxeth,509,249.99982970502867,18829.54
0x0afc69656c8b860d2f71d9ca02a39d5f7b9e7bd8,Tony9000 ğŸ”ºï¸,https://x.com/PangoTony,510,875.0,50594.84
0x879a482737d0674695e7afd4b9dea18cb55fc332,Patrick AVAX9000 ğŸ­ğŸ”º,https://x.com/patrick_defiguy,511,875.0,127526.42
0x29e22c303112efb9d89d59eebb006d6660be90ff,pecioğŸŒŠğŸ“˜,https://x.com/pecio222,512,875.0,42407.0
0xe6a2ea81b45d2bdfbf763339cae6315856d71589,W. ğŸ”º,https://x.com/Penelope_Avax,513,875.0,17039.01
0x36970732041f87f5b8b774e649930cf478c6b122,Peon Diary,https://x.com/peondiary,514,249.99982970502867,57287.18
0xae58974942c659a752f7aca822f3a714ef4f43a6,Perry ğŸ”º,https://x.com/perryjsmith,515,875.0,143153.55
0x29776106b35cf33990023344dc7a9f9cf507d9ff,persontoy,https://x.com/persontoy,516,249.99982970502867,0.0
MASKED,MASKED,MASKED,517,875.0,0.0
0x94f35b2444ec6e60296002e028a7fcd74fd6c5ed,Pasquale Finiello ğŸ”º,https://x.com/PFiniello,518,249.99982970502867,50011.83
MASKED,MASKED,MASKED,519,249.99982970502867,0.0
0x3112fe296d845d25c73e42497ae5ae189b2e73df,philcellphone,https://x.com/philcellphone,520,875.0,19279.61
0x726cf4f7e185befb48a9bb49b0614a3ef909c50c,PhillipAvaxğŸ”º,https://x.com/phillipavax1,521,249.99982970502867,57162.29
MASKED,MASKED,MASKED,522,875.0,0.0
0x8db0f733713a49f8ccab0195504a8b4932d71f9a,Phil,https://x.com/philonchain,523,875.0,68051.28
0xdb21fd3873458c88b6076eb04a3d8c7457284d4b,Sols9000,https://x.com/PicoSols,524,875.0,1703.58
MASKED,MASKED,MASKED,525,249.99982970502867,260.74
0x38825dfe90ad489de51baaffdb648b6d6e9910a2,Pio,https://x.com/piovincenzo_,526,249.99982970502867,46967.36
0xdbfc79d4ca587eceb355a8cf2e54990ae671994f,"Pixelgecko 9000ğŸ”º(ğŸ˜¼,ğŸ˜¼)",https://x.com/PixelGeckoNFT,527,249.99982970502867,11160.75
0x34d4075d46291e0b5c673cc58a96a6602e94ce08,PolyPup,"https://x.com/PolyPup1
",528,875.0,8260.88
0x0c73dd476a66b40a9524f5b9252894488e78c9da,postal,https://x.com/pooostal,529,875.0,21606.84
0xca1b7d12e162b7ac5929112d2e4c99aa5e317644,possibly spam,https://x.com/possiblyspam,530,875.0,67250.53
0x1ea1efd2d8260eda82b75ce708ed2625d2e57602,PotterğŸ§™â€â™‚ï¸,https://x.com/Potterplays1,531,249.99982970502867,20527.42
0x2f6f04959d51556852ac1b42bf2f63329bebd06f,powerofthenut,https://x.com/powerofthenut,532,875.0,47113.76
0xc964ea0ef6d1b9cc8f84bda74d9c1af251de3ba5,Predzá´¸Â¹ğŸ”º,https://x.com/predz0rx,533,249.99982970502867,14304.13
0x3b04bc64d536a2b4d1a79ef15b6104cef6127640,DrunkGeekerğŸ”ğŸ”º9000,https://x.com/Priggione,534,875.0,2928.59
MASKED,MASKED,MASKED,535,808.7504027476072,0.0
0x3cac2729335991bc084ed5efd71dce7ccf76766d,PuneethğŸ”º9000 âš”ï¸,https://x.com/puneeth_sgr,536,875.0,0.0
0x21f415ffff4963df2f612580ca9aa7058d722273,Pyro,https://x.com/PyroNFT,537,875.0,57538.15
0x891dc53e4a21396d3dbbf31ae002642a7e6b6668,Pyzeur ğŸ”º,https://x.com/PyzeurC,538,249.99982970502867,20052.64
0xc4c20dfd418e6a58cda128facda7c885e58b6ab9,Queen P |,https://x.com/QueenP_xyz,539,249.99982970502867,0.0
0x0d1bde6c640ebc47e82a0d1c428b42d57f04a315,Random ğŸ¨,https://x.com/R00001ndom,540,875.0,87030.92
MASKED,MASKED,MASKED,541,875.0,42749.1
MASKED,MASKED,MASKED,542,875.0,0.0
0xc2a09b9b1f21f809d4c48e1ed57de9e2df4850b8,raizukeiğŸ”º,https://x.com/raizukei,543,249.99982970502867,1541.05
0x058f95898675f49466019f7d9c4c25a13a42188d,Raj,https://x.com/rajj_s23,544,875.0,83646.72
0xff3df48755e1f2e0283abdf8532f3edf0a15f893,Raj,https://x.com/rajp_14,545,249.99982970502867,27240.62
0x6bcfed1a19bdb2702a4233ddedd4f5047de6d674,Richard Sorge,https://x.com/Ranzerf,546,875.0,209418.3
0xa7e2fa1783ddc51928674640aed4cca65f7586be,Rizzo The Boss | The Meta Office is A LIVE,https://x.com/rasannunes1,547,249.99982970502867,38027.39
0xae8decc85b9ce5d1fe31fad9e76a85320ca5175c,Ravageur,https://x.com/ravageur77,548,875.0,0.0
MASKED,MASKED,MASKED,549,875.0,0.0
MASKED,MASKED,MASKED,550,875.0,0.0
0x216e6479aad3e26fca05a0921d3d7eb88071bada,N3XT,https://x.com/Real_n3xt,551,875.0,75400.46
MASKED,MASKED,MASKED,552,249.99982970502867,0.0
0x32d048b9d94ae9da7e73f4bf638cf498064b7cfc,Jonah ğŸ®,https://x.com/RealJonahBlake,553,875.0,0.0
0x86d222e6cd59f08386222f2a1a2b26feb00b530d,mrboat ğŸ”­ğŸ”º,https://x.com/realmrboat,554,875.0,171934.43
0xc6b1c8c8689f309dbf784937bfe89979f4c82a2c,wakanda warrior âš”ï¸,https://x.com/realwarrior313,555,249.99982970502867,11827.88
MASKED,MASKED,MASKED,556,875.0,0.0
MASKED,MASKED,MASKED,557,249.99982970502867,12622.39
0x1594a56a8fdbb7f4117240e74e1a335a2b30f956,Rhynelfâš”ï¸,https://x.com/rhynelf,558,249.99982970502867,1024.0
0x76e1b26b003fe2bcceec5abf7731f57294e26361,ğŸ‡¯ğŸ‡µãƒªğŸ”º9000,https://x.com/Ri5648,559,249.99982970502867,34092.53
MASKED,MASKED,MASKED,560,249.99982970502867,0.0
0xb66d123b0024761e6c4eb10eeb87e0276bfbc57a,cwgğŸ”º,https://x.com/RiseOfKong,561,249.99982970502867,14276.68
0x5b40d152c6df0eb152f14ffe55dd63eedc2bd1ee,ristr8to,https://x.com/ristr8to_,562,249.99982970502867,10794.58
0xaae01a4132e43de63137dd4a4ad6f8ad29f48a77,RMacPDX,https://x.com/RMacPDX,563,875.0,1.04
MASKED,MASKED,MASKED,564,249.99982970502867,0.0
MASKED,MASKED,MASKED,565,875.0,199568.14
0x7384fb562efb5f6f52072e7f5d0034ff067bff9e,Ryloe,https://x.com/Ryloefi,566,875.0,40139.82
0x2e0c4756ae41b33786c2e7164730f19fd1464a6b,Rynnn âš”ï¸,https://x.com/Rynnnn29,567,249.99982970502867,38794.67
MASKED,MASKED,MASKED,568,875.0,8800.3
MASKED,MASKED,MASKED,569,249.99982970502867,0.0
MASKED,MASKED,MASKED,570,875.0,290.53
0xde095121fb27dce01bba25526cf6244ec8fd3ad4,SammyğŸ”ºğŸ”´,https://x.com/sammyshegz0,571,249.99982970502867,15762.93
MASKED,MASKED,MASKED,572,875.0,60869.95
0x59a7f00433dc8caf7132db43a5f065fcbc8a0fdd,Trá»‹nh CÃ´ng Sang.eth ğŸ’âš¡9000,https://x.com/Sang1bitcoin,573,249.99982970502867,47255.19
MASKED,MASKED,MASKED,574,875.0,21272.63
0x61957129a1391f9a0e886ae50613261415c5ec20,Fredian Mercurry,https://x.com/saskiach4n,575,249.99982970502867,49952.87
MASKED,MASKED,MASKED,576,875.0,11843.5
0x49bfb43fc87d1c6f9ce82dc1b96f07f58df2b7a6,stack ninja ğŸ”º,https://x.com/satstackninja,577,249.99982970502867,3848.16
MASKED,MASKED,MASKED,578,875.0,35736.54
0x73e90546fddce264c7341beedb77649610363260,Dash9000,https://x.com/Seifswahba,579,249.99982970502867,8428.39
MASKED,MASKED,MASKED,580,249.99982970502867,37173.42
0xfaa20e667a6a576d49ab831b9681f27123414af3,sellePLAYS ğŸ®,https://x.com/sellePLAYS,581,249.99982970502867,10586.31
0x5409c71b144b7620c67546025efe93c894d69a02,BEEG S AVAX9000 ğŸ”º,https://x.com/SerafinJon,582,249.99982970502867,39719.87
0x7379bf6b840a24493cd269014205747718a278b3,Severus9000ğŸ”º,https://x.com/Severus0x,583,249.99982970502867,614.27
0x599fd80c84976577d7af65829cd8949258e78e98,Sfendon,https://x.com/sfendon,584,875.0,0.0
0x7a676103305878b5ec938add572551570549816b,SHADOW ğŸ§©,https://x.com/SHADOW_NFT15,585,249.99982970502867,16122.46
MASKED,MASKED,MASKED,586,249.99982970502867,3897.12
0x1afd1968f6081c88dad6da186cc15286512e90c6,âœ¨Sheenaâœ¨,https://x.com/Sheenameaana,587,875.0,159462.49
0x77192bc22102f23ea4adca598d33d07102f7ce3d,Thomas Shelby âœ¦,https://x.com/shelbygrayman2,588,249.99982970502867,17654.42
0x39099cb106ab1377f1fd010309a5b89f2976bea2,shiv (divinely protected),https://x.com/shivst3r,589,875.0,70124.71
MASKED,MASKED,MASKED,590,875.0,0.0
0x6e9999d069c113436a117467abef62f28f7657ce,"Masil (Ã˜,G)",https://x.com/sikiri0,591,875.0,57012.85
0xb5d5e19cf86669eca222f9cf6003abf510df0390,Smol âš”ï¸,https://x.com/SmolMobster,592,875.0,92526.03
0x2c2ecb7eb756e8c8c74d9b09d1ee9635d715f29c,Smudge ğŸ”º,https://x.com/smudge48DEFI,593,875.0,52011.8
0x88896886f994def40213ea82af840c32b8b1942c,snapsğŸ˜¼ğŸ’¬ğŸ”º,https://x.com/snapsnocaps,594,249.99982970502867,1581.85
MASKED,MASKED,MASKED,595,249.99982970502867,0.0
0x7197aed02335e30936d5bc1e88e182ca278a62f3,Cem9000ğŸ”º,https://x.com/snowofkila,596,249.99982970502867,13596.44
MASKED,MASKED,MASKED,597,249.99982970502867,12994.17
0x408950a1d96aa3ca42072913e1e135a0e51f2cf7,Sofi Priore,https://x.com/sofpriore,598,249.99982970502867,1084.52
0xf16f0ece297046c47ac21f578adf8e191bbf6327,SoraShiroğŸ”ºğŸ¶,https://x.com/SoraShiro27,599,249.99982970502867,4483.0
0x5a99061379adfef8bf99088f7dcea00ad4aa9e73,SpaceCleanerğŸ”º,https://x.com/spacecleaner1,600,249.99982970502867,20238.16
0x1588c55956ea79702164fa55eedb98923f562f2c,Spacefullthoughts ğŸ‘½ ğŸš¢ğŸ”º,https://x.com/spacefullart,601,249.99982970502867,20745.43
0x19fd837ab61844684e6f5cb1ce5044e9cef8da10,farmerboi ğŸ§‘â€ğŸŒ¾ğŸ”º,https://x.com/spamzx,602,249.99982970502867,71857.72
0xb74efa1cc2959f8b7afb6e4178647ea928b421aa,Baris ğŸ”ºğŸŒ±,https://x.com/spectura,603,875.0,27547.94
MASKED,MASKED,MASKED,604,249.99982970502867,9581.65
0x82bac937bf4849dee9731968ca867258acedd769,SÌŠâ«¶HÌŠâ«¶EÌŠâ«¶YÌŠâ«¶IÌŠ ğŸ¦¾,https://x.com/ssheyii,605,249.99982970502867,21451.9
0x81fff1465715ae2e7c5c0b7db373e376d74e60cd,StarPlatinum,https://x.com/StarPlatinumSOL,606,249.99982970502867,30026.7
0xffe1c71665bc680df5ce221f4fc1ad7fcdc3fe2d,Startracker ğŸ”º,https://x.com/startrackerx,607,875.0,819.61
0x913283dd924a35f7ebe2c2e31447f66c552942be,âšœï¸ Steve_Bullish âšœï¸ğŸ”º,https://x.com/steve_the_ath,608,249.99982970502867,8165.29
MASKED,MASKED,MASKED,609,875.0,4254.7
0xab564b226b2592dbb8989da417afb7eabcf38b18,Storming,https://x.com/StormingWeb3,610,249.99982970502867,13531.28
MASKED,MASKED,MASKED,611,875.0,0.0
0xe84656913e82f399b0a66cb2ab6045e2c53ca60f,STUB ğŸªœğŸ°ğŸ”º,https://x.com/stub_crypto,612,249.99982970502867,0.0
0xa95a96085c090ec5cd6cb5acb1b7077317e01773,Stucolley,https://x.com/stucolley,613,875.0,36563.27
0xe510194592d7a889ac1be8e9672994b5756f35c6,Studlee9000ğŸ”ºğŸ“¼ ğŸ‡ºğŸ‡² ğŸ‡µğŸ‡¹,https://x.com/studleemore,614,875.0,238484.2
MASKED,MASKED,MASKED,615,875.0,20820.12
MASKED,MASKED,MASKED,616,875.0,51917.05
MASKED,MASKED,MASKED,617,249.99982970502867,0.0
MASKED,MASKED,MASKED,618,249.99982970502867,0.0
0x71004384c6dc48bc125cc639d9e3aed90f8fb335,AdamğŸ”ºğŸ˜¸,https://x.com/SurfOrDieNJ,619,875.0,25178.57
0xe333f47ecba080299273232c2957186c373f5c8d,SWANNY,https://x.com/swannycrypto,620,875.0,72681.82
0x27bbcf892a1fd41cd1ad0358d0ad4eb8a7168453,ğ—¡ğ—œğ—–ğ—¢ğ—Ÿğ—˜âœ°,https://x.com/symply_nicole,621,249.99982970502867,0.0
0x8c0fc276076d195822a9a3a303d6189abc39d027,TEDZ âš”ï¸,https://x.com/Tedz_Nftz,622,249.99982970502867,0.0
0x5f6cea507fc46580e577257b29c8df48f1e4f802,Comrade Mario,https://x.com/terramaxi,623,249.99982970502867,25686.3
0xc64e917054073e919bd1bf2f2751cdef61fbacf7,jerry,https://x.com/TGIFresco,624,249.99982970502867,4132.43
0x6bc627f56aa6a677c729856653338fb0e1798af9,Macthenally,https://x.com/thaedisfidelis,625,249.99982970502867,9724.11
0xc19ec062da833a411959799b3e3c32abefcb0285,FeezyğŸ”º(â™Ÿï¸ğŸ’œ) DGC24,https://x.com/that_techieboy,626,249.99982970502867,38213.09
MASKED,MASKED,MASKED,627,875.0,0.0
0xa2cad146bb7f1e72df8884539d4092bec51520a8,Astornia,https://x.com/theastornia,628,249.99982970502867,24591.76
0xbcf04fbe4d64645a041a5539320475bedf9150a7,The Bokcast ğŸ™ï¸,https://x.com/TheBokcast,629,875.0,97805.91
MASKED,MASKED,MASKED,630,875.0,0.0
0xb3b2786f3153053a63d34b696a1742bf0503b8c1,Michael Huynh ğŸ”º,https://x.com/TheDegenBoii,631,875.0,204783.25
MASKED,MASKED,MASKED,632,875.0,0.0
0xccd483ea0903b03aa5b53a8859799fac077c3ae7,Ola Îlixir ğŸ§©,https://x.com/thegreatola,633,249.99982970502867,55176.28
0x396e4f18d72799825cd814846ec114f73389a625,jasich.eth | collab manager,https://x.com/thejasich,634,249.99982970502867,30265.66
0x91628cca6e3476dc8dd32610b10162c30e2770cc,Wiz ğŸ§©,https://x.com/TheOneWhiz,635,875.0,62479.24
0xb0cbbf50610ca0b23e207499eda9080a5c1f73e9,Zo ğŸ”º,https://x.com/TheRealEspresZo,636,249.99982970502867,15971.44
0xbdb11bc59adbae7e6ed7e33f82e9e267a0087bc1,Squid9000ğŸ”º,https://x.com/TheSquid35,637,249.99982970502867,26119.9
0x786a9f9ab6abd2efd65f17430ac9f8b6e20a419d,"thetopsignal (nochillio arc) (ğŸš«,ğŸ¥¶)",https://x.com/thetopsignal,638,875.0,22001.91
0xd1c58bee0bb99fcc3f27eec6b79abeb6025c36c5,Thireael,https://x.com/thireael,639,249.99982970502867,51649.41
0x94542a589fe8248be6beeb99b3a643dc00c3c4cc,HopHopHoppin ğŸ¦‹ğŸ©¸ğŸ”ºğŸŒŠğŸ“˜,https://x.com/thomasduflot76,640,249.99982970502867,0.0
0xbfc76145973d2c45fec91cb5d169d0180699c51f,throbbing red candles ğŸˆ,https://x.com/throbbingred,641,875.0,2780.87
MASKED,MASKED,MASKED,642,875.0,0.0
0x5f27b0fdbe7ba1983a619761074b009ded561d7d,tiM ğŸ”º,https://x.com/timorelo,643,249.99982970502867,8027.39
0x117f179f49835e9f1e356b3e6907f5dd5eb54048,Tim S,https://x.com/tims347,644,875.0,53860.31
MASKED,MASKED,MASKED,645,875.0,0.0
0x3145a28b75e41c1a1ad664ca2e9c91d2e49c0b79,T.M.A,https://x.com/Tma_420,646,875.0,118231.03
0x6948a0c8ec95bfb0967895f7fda5ed258d246cf9,hankz ketbal,https://x.com/toiletpaperdao,647,875.0,44088.37
0x9dec4b2816eaa9a3793a634f0ad046bae8a4c12d,ğŸ”ºntoine 9000,https://x.com/Toinounet21,648,249.99982970502867,119274.66
0xa2919f473d481ce307c76276fcc2405b8b131347,Token Traverse,https://x.com/TokenTraverse,649,249.99982970502867,57194.79
0xab2f92058e96a1c8ce0b65ad2cecfeeda973dc34,ToNio9000ğŸ”º,https://x.com/ToNio87fr,650,875.0,214501.51
MASKED,MASKED,MASKED,651,875.0,0.0
0x50288b149540f3d055728f9356c61105d2e523c4,DÎmon ğŸ˜ˆ,https://x.com/ToTheDemon,652,875.0,101701.76
0x8408eacbfc6e4979d62be7a0f8e92afee2035aed,Trav â™” ğŸ§©,https://x.com/travfx_,653,249.99982970502867,37776.91
0x226997d88c1feae2f1bf0d0d7bb287e1e4135471,TruePrav ğŸ§©,https://x.com/TruePrav,654,249.99982970502867,18745.18
0xe296d5da95b58365cf06ceb36fc8b482f35c851d,TuNc ğŸ«§ğŸ”º,https://x.com/tuncsuerdas,655,500.000255442457,26270.22
0xb5d6cdec20963882a0d3def5a60afd3223ec48c4,tactical_retreat,https://x.com/twitt_tr,656,875.0,218236.75
MASKED,MASKED,MASKED,657,875.0,0.0
0xa00772345c2ace3e7390daa83fe97e4905a337d1,2Peas.avaxâ„ï¸,https://x.com/TwoPeasNAPod2,658,249.99982970502867,25032.77
0x8e54e41bba618c58aaacbebf3397d3add9ee0bc8,Ty,https://x.com/TyTunes,659,875.0,14393.91
0xea9f8d4a2349ec791d50c280b7bcf28e837ce4f3,Unique singh,https://x.com/uniquesingh__,660,249.99982970502867,19246.79
0x6ceb4281bf3b72536439c9cc5e2fc6b3dcda626f,DoÄŸa Ã–ztÃ¼zÃ¼n ğŸ”º,https://x.com/unquale,661,875.0,58665.95
0x2b61ec614d235663c2db5c28435c28d0ab6edabc,unsehrtain,https://x.com/unsehrtain,662,875.0,5467.78
0xf5e053b58560aef305bc87662b780e016790bb70,el Capitan ğŸ¥‘,https://x.com/valcastx,663,249.99982970502867,0.0
0x92b5231fb1c6c21c0ca4c522f22b5e1e6fc6fb67,Valenciacrypto,https://x.com/valencrypto1,664,249.99982970502867,15741.61
MASKED,MASKED,MASKED,665,249.99982970502867,0.0
0x675dfa4727ff1baba75f5c2f2c5f6c25e8b8029a,Vamsi,https://x.com/vamsixeth,666,249.99982970502867,3266.32
MASKED,MASKED,MASKED,667,249.99982970502867,16814.7
0xbbfc680aa2580d54af4f00feb6f22e744b547bc6,VERAH ğ•,https://x.com/verah_tee,668,249.99982970502867,27797.82
0x6012b25e1326f28e0c05762132e34307bd695088,VirtualQuery ğŸ§½,https://x.com/virtualquery,669,875.0,132598.18
MASKED,MASKED,MASKED,670,249.99982970502867,0.0
0xcc303dd91587e18cdf30d03e9523c40a32c836c3,VJ ğŸŒ ğŸ”º,https://x.com/VJweb3,671,249.99982970502867,20699.96
0xaf5a2cb0a6eb68f66cda5ad684d76940fc1886b0,voh,https://x.com/vohvohh,672,875.0,63309.54
0x5d8652226e1bcbe99897f18a4c9b8995d793a16c,void1nd3xğŸ”ºï¸,https://x.com/void1nd3x,673,249.99982970502867,11270.47
0xa882fb71aa1967a6a8aa11375f8abd5fee5bdd6a,grebby,https://x.com/vvvveth,674,875.0,131165.31
0x4888c617be971904bdb918fa161af8816e06bbfd,Wankidd | Good.mambo. sui,https://x.com/wankidd,675,875.0,70743.37
0x3bbfb9ebe25bcfd7b84578b970530ea580b5534c,Bruce âŸ Wayne,https://x.com/waynelordgotham,676,249.99982970502867,12686.76
0xbee111a1336cc86fd8b143ef79765b389aecc536,Rafay,https://x.com/web3rafay,677,249.99982970502867,21007.03
0x9431d1615fa755faa25a74da7f34c8bd6963bd0a,wenny,https://x.com/wennyxz,678,249.99982970502867,7573.07
MASKED,MASKED,MASKED,679,249.99982970502867,1636.08
MASKED,MASKED,MASKED,680,875.0,0.0
MASKED,MASKED,MASKED,681,875.0,2006.79
MASKED,MASKED,MASKED,682,875.0,0.0
0xf14449914f181637f4030179e3a1618725377734,"Himothy.btc (ğŸŒ,ğŸŒ)",https://x.com/wit_cheese,683,249.99982970502867,19270.41
0xc7d75ccdad8c368382e490ffd64b7ee2c2a0bb62,Wojak Satoshi,https://x.com/WojakSatoshi,684,875.0,0.0
0x208f43cfa9bdd7f0f35d1f21fa23605eaea9c316,WorldWideWexğŸ™ï¸,https://x.com/WorldWideWex,685,249.99982970502867,61361.38
0xe05db185e94c87d93f01bf8918c119bcfac3b860,A-WoshiGuru 9000ğŸ”ºğŸ€ ğŸ”º,https://x.com/WoshiguruA,686,249.99982970502867,26149.81
0x6dcefd396a949a75b3a646b608eddc7c325b818d,Wrath9000,https://x.com/Wrathtank_avax,687,875.0,182.09
0xf302d95f99346807d694199333a2ec333f53ef6f,Benjamin9000,https://x.com/wrongaddr,688,249.99982970502867,4675.01
0x5c041ef6eea725d31df1a8fc04bbad76103f7f9f,Chairman,https://x.com/WSBChairman,689,875.0,118293.3
MASKED,MASKED,MASKED,690,875.0,0.0
MASKED,MASKED,MASKED,691,249.99982970502867,659.22
0xd1fbe49e0978826292974074624abeaf64238b6d,"0xmiyavsu (Ã˜,G) ğŸ§©",https://x.com/xlauralucky,692,249.99982970502867,19660.02
0xcfdc5748b125d232cc53a860b5c9aac1f9651806,Luis,https://x.com/xLuisCumbi,693,249.99982970502867,9940.46
0x4b67a3f5c93fcb6a05c0beea1755e4b8f7c2a794,xrpant ğŸ§©,https://x.com/xrpant,694,875.0,0.0
MASKED,MASKED,MASKED,695,249.99982970502867,9735.72
0x243f860894be3c3f2d6a13378a48d1a382ee4c47,YavuzğŸ”º,https://x.com/yavuzsc7,696,249.99982970502867,46822.37
0x3970bba9d96fddadae31c706e0d7fee059f918de,é“¶ç‹¼åŠ æ‰‹å†²,https://x.com/yiding33329172,697,249.99982970502867,24545.58
0x1cc0a85e48dac67dd1f53623a5a2f49a84cda604,yogurtxyz.linea.eth,https://x.com/yogurtaesthetic,698,249.99982970502867,17683.15
MASKED,MASKED,MASKED,699,875.0,0.0
MASKED,MASKED,MASKED,700,249.99982970502867,0.0
0xe4775d0e2fca8828c04ece18bf18dc445d411b66,Yujin9000ğŸ”º,https://x.com/yujink5th,701,875.0,21464.22
MASKED,MASKED,MASKED,702,249.99982970502867,22307.73
MASKED,MASKED,MASKED,703,875.0,0.0
0x23e2f3c97536363f49a24735f032db65a13d087c,Zaddy ğŸ§©,https://x.com/Zaddy_Fi,704,249.99982970502867,15584.44
0x5bf46b6e7f93445bc0425fd2217e601301f31738,zaimiri âœï¸,https://x.com/zaimirii,705,875.0,132328.47
MASKED,MASKED,MASKED,706,249.99982970502867,3880.65
0xd427b458dbecaf81af0b8db53c10404249e81b00,aihansu9000 ğŸ§±ğŸŸï¸ğŸª™ğŸ‘¾,https://x.com/Zencimsizencefi,707,875.0,5330.23
0x00dfb0d32722d7820df685e1b93f33774e83892e,zoogie,https://x.com/zoogieNFT,708,875.0,3402.01
0x9b1f69e895c29c7c1cc96a3c4c805446558cc5be,Zubairey.eth ğŸ§©,https://x.com/zubairey0,709,249.99982970502867,21387.78
0x20e32dbb9a339a0149dc88c704d80c61b3c25626,ZZ,https://x.com/zzerochill,710,249.99982970502867,208373.31
